日期,新聞標題
2024-04-30T12:24:00+08:00,KKday周年慶優惠！日韓機票4999元起　樂園門票、一日遊買1送1
2024-04-28T12:00:00+08:00,玩釜山這裡吃海鮮最便宜！海景首排享用「當地海女」捕捉新鮮海味
2024-04-24T17:00:00+08:00,為明年賞櫻提前準備！釜山自由行推薦「南川洞櫻花路」旅遊攻略
2024-04-22T16:00:00+08:00,賞櫻還能去韓國！多樣風情一次體驗　台虎航天天有直達機
2024-04-19T12:08:00+08:00,中部人出國更方便！燦星推暑假「台中直飛日韓」　最低1萬4900起
2024-03-11T11:30:00+08:00,釜山必去賞櫻私房景點！鎮海櫻花節看35萬粉櫻　再住海景飯店
2024-03-07T10:51:00+08:00,38女王節優惠！電商抽新竹福湯岩盤浴38元　韓國猛男音樂劇5折
2024-03-06T17:45:00+08:00,機票促銷懶人包！飛日本1690起、台虎全線88折　首爾來回7500元起
2024-03-02T18:08:00+08:00,韓國春天必看5大浪漫花海！走上絕美伊甸園櫻花路、看200萬朵鬱金香
2024-02-27T19:05:00+08:00,TPTE台北旅展3／1登場！日本航空機票買1送1　到韓國賞櫻1.5萬有找
2024-02-24T00:05:00+08:00,世界級4大花景！粉色星形城郭、最大鬱金香園美翻　加碼日韓賞櫻地圖
2024-02-21T13:37:00+08:00,日韓賞櫻優惠來了！東京、大阪機+酒1萬1800元起　首爾5天萬元有找
2024-02-17T10:50:00+08:00,4月到日韓賞櫻！體驗最美櫻花馬拉松、遠眺火山　每人2.18萬起
2024-02-15T15:00:00+08:00,弘大周邊6家住宿推薦！地鐵站步行僅5分鐘　居然還設有醫美診所
2024-02-12T14:09:00+08:00,濟州島美食、景點攻略！爽吃活跳跳海鮮鍋　住絕美無邊際泳池酒店
2024-02-02T16:38:00+08:00,出國必看！台灣行動支付「日、韓都能用」　免跨國手續費超方便
2024-01-31T17:13:00+08:00,台灣人到韓國也能行動支付！13家銀行免跨國手續費　超商百貨都適用
2024-01-29T10:42:00+08:00,3月獨家出國玩法！釜山賞櫻4天全包1.78萬起　玩九州還能免費看風水
2024-01-23T15:31:00+08:00,6成旅客願花更多錢出遊！亞太旅遊趨勢調查出爐　結伴旅行成首選
2024-01-15T18:38:00+08:00,2024亞洲8國最新入境政策攻略！日本VJW二維碼剩1個　泰國免簽到5月
2024-01-07T16:37:00+08:00,過年飛韓國「一堆低價團」玩5天跟國旅差不多！過來人曝暗黑內幕
